2;Yatak Odası ;Açelya Yatak Odası;1,00;https://www.adessun.com/image/cache/catalog/A%C3%A7elya%20Yatak%20Odas%C4%B1/c80d8fc9-3ac9-4ac2-b3fb-02ac2e685bf2-1500x1000w.jpg;https://www.adessun.com/index.php?route=product/product&path=230&product_id=1077
2;Yatak Odası ;Arya Yatak Odası;1,00;https://www.adessun.com/image/cache/catalog/Arya%20Yatak%20Odas%C4%B1/9860c5a6-3c2b-4497-a39f-87ef99d243f0-1024x768w.jpg;https://www.adessun.com/index.php?route=product/product&path=230&product_id=1072
2;Yatak Odası ;Asos Yatak Odası;1,00;https://www.adessun.com/image/cache/catalog/izgi%20Yatak%20Odas%C4%B1/Asos%20Yatak%20Odas%C4%B1/MODASEL_142249%20(1)-1024x768w.jpg;https://www.adessun.com/index.php?route=product/product&path=230&product_id=1115
2;Yemek Odası;Hilton Yemek Odası;1,00;https://www.adessun.com/image/cache/catalog/izgi%20Yatak%20Odas%C4%B1/Asos%20Yatak%20Odas%C4%B1/Pera%20Yatak%20Odas%C4%B1/Hilton%20Yemek%20Odas%C4%B1/NEK-7789-1024x768h.jpg;https://www.adessun.com/index.php?route=product/product&path=225&product_id=1119
2;Yemek Odası;İnci Yemek Odası;1,00;https://www.adessun.com/image/cache/catalog/nci%20Yemek%20Odas%C4%B1/472A4913-1024x768w.jpg;https://www.adessun.com/index.php?route=product/product&path=225&product_id=1095
2;Yemek Odası;Karya Yemek Odası;1,00;https://www.adessun.com/image/cache/catalog/Karya%20Yemek%20Odas%C4%B1/be126a6a-fa72-4586-8108-608a41790d08-1024x768.jpg;https://www.adessun.com/index.php?route=product/product&path=225&product_id=1097
2;Koltuk Takımı;Golf Koltuk Takımı;1,00;https://www.adessun.com/image/cache/catalog/Golf%20Koltuk%20Tak%C4%B1m%C4%B1/Nek-15493-1024x768w.jpg;https://www.adessun.com/index.php?route=product/product&path=221&product_id=1064
2;Koltuk Takımı;Malta Koltuk Takımı;1,00;https://www.adessun.com/image/cache/catalog/Malta%20Koltuk%20Tak%C4%B1m%C4%B1/3e10f980-c437-4d0b-aeba-844d21e5bcfa-1024x768w.jpg;https://www.adessun.com/index.php?route=product/product&path=221&product_id=1062
2;Koltuk Takımı;Setra Koltuk Takımı;1,00;https://www.adessun.com/image/cache/catalog/Setra%20Koltuk%20Tak%C4%B1m%C4%B1/f4daa3c8-7b81-4bc1-b4d9-f6064e78125c-1024x768w.jpg;https://www.adessun.com/index.php?route=product/product&path=221&product_id=1061
3;Koltuk Takımı;Dore Koltuk Takımı;1,00;https://akmoysofa.com/wp-content/uploads/2022/08/urun-dore-koltuk-takimi-9.jpg;https://akmoysofa.com/dore-koltuk-takimi/
3;Koltuk Takımı;Gold Koltuk Takımı;1,00;https://akmoysofa.com/wp-content/uploads/2022/08/urun-gold-koltuk-takimi-14.jpg;https://akmoysofa.com/gold-koltuk-takimi/
3;Koltuk Takımı;Mercan Koltuk Takımı;1,00;https://akmoysofa.com/wp-content/uploads/2022/08/urun-mercan-koltuk-takimi.jpeg;https://akmoysofa.com/mercan-koltuk-takimi/
3;Köşe Takımı;Eva Köşe Takımı;1,00;https://akmoysofa.com/wp-content/uploads/2022/08/urun-eva-kose-koltuk-takimi-1.jpg;https://akmoysofa.com/eva-kose-takimi/
3;Köşe Takımı;Gold Köşe Takımı;1,00;https://akmoysofa.com/wp-content/uploads/2022/08/urun-gold-kose-takimi-1.jpeg;https://akmoysofa.com/gold-kose-takimi/
3;Köşe Takımı;Kristal Köşe Takımı;1,00;https://akmoysofa.com/wp-content/uploads/2022/08/urun-kristal-kose-takimi-6.jpg;https://akmoysofa.com/kristal-kose-takimi/
3;Yemek Odası;Natuzzi Yemek Odası Takımı;1,00;https://akmoysofa.com/wp-content/uploads/2022/08/urun-natuzzi-koltuk-takimi-2-1.jpeg;https://akmoysofa.com/natuzzi-yemek-odasi-takimi/
3;Yemek Odası;Victoria Yemek Odası Takımı;1,00;https://akmoysofa.com/wp-content/uploads/2022/08/urun-victoria-yemek-odasi-1.jpg;https://akmoysofa.com/victoria-yemek-odasi-takimi/
3;Yemek Odası;Hilal Yemek Odası Takımı;1,00;https://akmoysofa.com/wp-content/uploads/2022/08/urun-hilal-yemek-odasi-35.jpg;https://akmoysofa.com/hilal-yemek-odasi-takimi/
3;TV Ünitesi;Natuzzi TV Ünitesi;1,00;https://akmoysofa.com/wp-content/uploads/2022/08/urun-natuzzi-tv-unitesi-8.jpeg;https://akmoysofa.com/natuzzi-tv-unitesi/
3;TV Ünitesi;Kapadokya TV Ünitesi;1,00;https://akmoysofa.com/wp-content/uploads/2022/08/urun-kapadokya-tv-unitesi.jpeg;https://akmoysofa.com/kapadokya-tv-unitesi/
3;TV Ünitesi;Hilal TV Ünitesi;1,00;https://akmoysofa.com/wp-content/uploads/2022/08/urun-hilal-tv-unitesi-4.jpg;https://akmoysofa.com/hilal-tv-unitesi/
4;Koltuk Takımı;Mags;3620,00;https://www.aksaymobilya.com.tr/wp-content/uploads/2023/04/wd-furniture-sofas-prod-9-1-1.jpg;https://www.aksaymobilya.com.tr/mags/
4;Koltuk Takımı;Pallisade;1890,00;https://www.aksaymobilya.com.tr/wp-content/uploads/2023/04/wd-furniture-sofas-prod-7-1-1.jpg;https://www.aksaymobilya.com.tr/palissade/
4;Koltuk Takımı;Silhouette;1680,00;https://www.aksaymobilya.com.tr/wp-content/uploads/2023/04/wd-furniture-sofas-prod-8-1-1.jpg;https://www.aksaymobilya.com.tr/silhouette/
5;Yatak Odası ;Kaşmir Yatak Odası Takımı;172210,00;https://media.akyollife.com.tr/Images/Takimlar/tr:w-960,h-560/822_kasmir-yatak-odasi-takimi-952535403.jpg;https://www.akyollife.com.tr/yatak-odasi/kasmir-yatak-odasi-takimi-822
5;Yatak Odası ;Adessa Yatak Odası Takımı;140590,00;https://media.akyollife.com.tr/Images/Takimlar/tr:w-960,h-560/547231868_adessa-yatak-odasi-1943463922.jpg;https://www.akyollife.com.tr/yatak-odasi/adessa-yatak-odasi-takimi-591
5;Yatak Odası ;Oylat Yatak Odası Takımı;228480,00;https://media.akyollife.com.tr/Images/Takimlar/tr:w-960,h-560/137371149_oylat-yatak-odasi-takimi-1163686450.jpg;https://www.akyollife.com.tr/yatak-odasi/oylat-yatak-odasi-takimi-137
5;Yatak;Comfy Yatak;16660,00;https://bedding.akyollife.com.tr/Images/Urunler/938931790_comfy-yatak-1558901125.jpg;https://bedding.akyollife.com.tr/urun/comfy-yatak
5;Yatak;Woollen Yatak;19210,00;https://bedding.akyollife.com.tr/Images/Urunler/125355329_woollen-yatak-1261904277.jpg;https://bedding.akyollife.com.tr/urun/woollen-yatak
5;Yatak;Natural Comfort Yatak;34850,00;https://bedding.akyollife.com.tr/Images/Urunler/977946301_natural-comfort-yatak-2086310952.jpg;https://bedding.akyollife.com.tr/urun/natural-comfort-yatak
